artist_name,date,popularity_score,followers,monthly_listeners,youtube_subscribers,youtube_total_views,youtube_video_count
Casa 24,2025-08-05,5,464,1000,623,29040,94
Chef Lino,2025-08-05,4,256,370,13,207,5
PYRO,2025-08-05,1,200,532,0,0,0
bo.wlie,2025-08-05,0,87,12,94,13743,71
Mango Blade,2025-08-05,1,129,120,0,0,0
ZACKO,2025-08-05,0,7,0,0,0,0
pax,2025-08-05,0,5,3,502,70814,112
ARANDA,2025-08-05,0,103,10,0,0,0
Casa 24Beats,2025-08-05,0,0,N/A,8,524,38
Casa 24,2025-08-06,5,464,1000,623,29050,94
Chef Lino,2025-08-06,4,256,362,13,207,5
PYRO,2025-08-06,1,200,532,0,0,0
bo.wlie,2025-08-06,0,87,11,94,13746,71
Mango Blade,2025-08-06,1,129,116,0,0,0
ZACKO,2025-08-06,0,7,0,0,0,0
pax,2025-08-06,0,5,3,502,70843,112
ARANDA,2025-08-06,0,103,10,0,0,0
Casa 24Beats,2025-08-06,0,0,N/A,8,554,42
Casa 24,2025-08-07,5,464,1000,623,29052,94
Chef Lino,2025-08-07,4,256,360,13,207,5
PYRO,2025-08-07,1,200,531,0,0,0
bo.wlie,2025-08-07,0,87,11,94,13748,71
Mango Blade,2025-08-07,1,129,117,0,0,0
ZACKO,2025-08-07,0,7,0,0,0,0
pax,2025-08-07,0,5,3,502,70869,112
ARANDA,2025-08-07,0,103,10,0,0,0
Casa 24Beats,2025-08-07,0,0,N/A,8,568,46
Casa 24,2025-08-08,5,464,1000,623,29056,94
Chef Lino,2025-08-08,4,256,366,13,207,5
PYRO,2025-08-08,1,200,532,0,0,0
bo.wlie,2025-08-08,0,87,9,94,13748,71
Mango Blade,2025-08-08,1,129,117,0,0,0
ZACKO,2025-08-08,0,7,0,0,0,0
pax,2025-08-08,0,5,3,502,70883,112
ARANDA,2025-08-08,0,103,9,0,0,0
Casa 24Beats,2025-08-08,0,0,N/A,9,587,50
Casa 24,2025-08-09,5,464,1000,623,29063,94
Chef Lino,2025-08-09,4,256,368,13,207,5
PYRO,2025-08-09,1,200,532,0,0,0
bo.wlie,2025-08-09,0,87,10,94,13754,71
Mango Blade,2025-08-09,1,129,116,0,0,0
ZACKO,2025-08-09,0,7,0,0,0,0
pax,2025-08-09,0,5,3,502,70903,112
ARANDA,2025-08-09,0,103,8,0,0,0
Casa 24Beats,2025-08-09,0,0,N/A,9,730,50
Casa 24,2025-08-09,5,464,1000,623,29066,94
Chef Lino,2025-08-09,4,256,368,13,207,5
PYRO,2025-08-09,1,200,532,0,0,0
bo.wlie,2025-08-09,0,87,10,94,13754,71
Mango Blade,2025-08-09,1,129,116,0,0,0
ZACKO,2025-08-09,0,7,0,0,0,0
pax,2025-08-09,0,5,3,502,70908,112
ARANDA,2025-08-09,0,103,8,0,0,0
Casa 24Beats,2025-08-09,0,0,N/A,9,732,50
Casa 24,2025-08-10,5,464,1000,623,29072,94
Chef Lino,2025-08-10,4,256,366,13,208,5
PYRO,2025-08-10,1,200,534,0,0,0
bo.wlie,2025-08-10,0,87,11,94,13757,71
Mango Blade,2025-08-10,1,129,116,0,0,0
ZACKO,2025-08-10,0,7,0,0,0,0
pax,2025-08-10,0,5,3,502,70918,112
ARANDA,2025-08-10,0,103,9,0,0,0
Casa 24Beats,2025-08-10,0,0,N/A,9,734,50
Casa 24,2025-08-11,5,464,1000,623,29076,94
Chef Lino,2025-08-11,4,256,363,13,208,5
PYRO,2025-08-11,1,200,533,0,0,0
bo.wlie,2025-08-11,0,87,11,94,13760,71
Mango Blade,2025-08-11,1,129,115,0,0,0
ZACKO,2025-08-11,0,7,0,0,0,0
pax,2025-08-11,0,5,3,502,70942,112
ARANDA,2025-08-11,0,103,10,0,0,0
Casa 24Beats,2025-08-11,0,0,N/A,9,743,50
Casa 24,2025-08-12,5,464,1000,623,29077,94
Chef Lino,2025-08-12,4,257,359,14,208,5
PYRO,2025-08-12,1,200,533,0,0,0
bo.wlie,2025-08-12,0,87,11,94,13760,71
Mango Blade,2025-08-12,1,129,111,0,0,0
ZACKO,2025-08-12,0,7,0,0,0,0
pax,2025-08-12,0,5,3,502,70947,112
ARANDA,2025-08-12,0,103,10,0,0,0
Casa 24Beats,2025-08-12,0,0,N/A,10,756,54
Casa 24,2025-08-13,5,464,996,623,29077,94
Chef Lino,2025-08-13,4,257,351,14,218,5
PYRO,2025-08-13,1,200,520,0,0,0
bo.wlie,2025-08-13,0,87,11,94,13769,71
Mango Blade,2025-08-13,1,129,111,0,0,0
ZACKO,2025-08-13,0,7,0,0,0,0
pax,2025-08-13,0,5,3,502,70957,112
ARANDA,2025-08-13,0,103,10,0,0,0
Casa 24Beats,2025-08-13,0,0,N/A,10,832,56
Casa 24,2025-08-14,5,464,989,623,29084,94
Chef Lino,2025-08-14,4,257,351,14,221,5
PYRO,2025-08-14,1,200,517,0,0,0
bo.wlie,2025-08-14,0,87,11,94,13771,71
Mango Blade,2025-08-14,1,129,107,0,0,0
ZACKO,2025-08-14,0,7,0,0,0,0
pax,2025-08-14,0,5,2,502,70984,112
ARANDA,2025-08-14,0,103,8,0,0,0
Casa 24Beats,2025-08-14,0,0,N/A,10,843,56
Casa 24,2025-08-15,5,464,993,623,29089,94
Chef Lino,2025-08-15,4,258,353,15,223,5
PYRO,2025-08-15,1,200,518,0,0,0
bo.wlie,2025-08-15,0,88,11,94,13775,71
Mango Blade,2025-08-15,1,129,109,0,0,0
ZACKO,2025-08-15,0,7,0,0,0,0
pax,2025-08-15,0,5,2,502,70988,112
ARANDA,2025-08-15,0,103,8,0,0,0
Casa 24Beats,2025-08-15,0,0,N/A,10,850,58
Casa 24,2025-08-16,5,465,991,622,29092,94
Chef Lino,2025-08-16,4,258,352,15,230,5
PYRO,2025-08-16,1,200,516,0,0,0
bo.wlie,2025-08-16,0,89,11,94,13778,71
Mango Blade,2025-08-16,1,129,110,0,0,0
ZACKO,2025-08-16,0,7,0,0,0,0
pax,2025-08-16,0,5,2,502,70992,112
ARANDA,2025-08-16,0,104,7,0,0,0
Casa 24Beats,2025-08-16,0,0,N/A,10,869,58
Casa 24,2025-08-17,5,465,984,622,29095,94
Chef Lino,2025-08-17,4,258,347,15,230,5
PYRO,2025-08-17,1,201,515,0,0,0
bo.wlie,2025-08-17,0,89,12,94,13778,71
Mango Blade,2025-08-17,1,129,111,0,0,0
ZACKO,2025-08-17,0,7,0,0,0,0
pax,2025-08-17,0,5,2,502,71002,112
ARANDA,2025-08-17,0,104,7,0,0,0
Casa 24Beats,2025-08-17,0,0,N/A,10,905,58
Casa 24,2025-08-18,5,465,982,622,29096,94
Chef Lino,2025-08-18,4,258,348,15,230,5
PYRO,2025-08-18,1,202,514,0,0,0
bo.wlie,2025-08-18,0,89,12,94,13780,71
Mango Blade,2025-08-18,1,129,109,0,0,0
ZACKO,2025-08-18,0,7,0,0,0,0
pax,2025-08-18,0,5,2,502,71007,112
ARANDA,2025-08-18,0,104,8,0,0,0
Casa 24Beats,2025-08-18,0,0,N/A,10,1010,58
Casa 24,2025-08-19,5,465,981,622,29096,94
Chef Lino,2025-08-19,4,258,346,15,230,5
PYRO,2025-08-19,1,202,514,0,0,0
bo.wlie,2025-08-19,0,89,11,94,13780,71
Mango Blade,2025-08-19,1,129,109,0,0,0
ZACKO,2025-08-19,0,7,0,0,0,0
pax,2025-08-19,0,5,2,502,71027,112
ARANDA,2025-08-19,0,104,8,0,0,0
Casa 24Beats,2025-08-19,0,0,N/A,10,1058,58
Casa 24,2025-08-20,5,465,979,622,29097,94
Chef Lino,2025-08-20,4,258,337,15,230,5
PYRO,2025-08-20,1,202,517,0,0,0
bo.wlie,2025-08-20,0,89,11,94,13780,71
Mango Blade,2025-08-20,1,129,111,0,0,0
ZACKO,2025-08-20,0,7,0,0,0,0
pax,2025-08-20,0,5,2,502,71031,112
ARANDA,2025-08-20,0,104,8,0,0,0
Casa 24Beats,2025-08-20,0,0,N/A,10,1064,59
Casa 24,2025-08-21,5,465,967,622,29097,94
Chef Lino,2025-08-21,4,259,338,15,230,5
PYRO,2025-08-21,1,202,503,0,0,0
bo.wlie,2025-08-21,0,89,13,94,13780,71
Mango Blade,2025-08-21,1,129,111,0,0,0
ZACKO,2025-08-21,0,7,0,0,0,0
pax,2025-08-21,0,5,2,502,71040,112
ARANDA,2025-08-21,0,104,8,0,0,0
Casa 24Beats,2025-08-21,0,0,N/A,10,1067,62
Casa 24,2025-08-22,5,465,577,622,29098,94
Chef Lino,2025-08-22,4,259,334,15,232,5
PYRO,2025-08-22,1,202,N/A,0,0,0
bo.wlie,2025-08-22,0,89,14,94,13781,71
Mango Blade,2025-08-22,1,129,114,0,0,0
ZACKO,2025-08-22,0,7,0,0,0,0
pax,2025-08-22,0,5,2,502,71049,112
ARANDA,2025-08-22,0,104,8,0,0,0
Casa 24Beats,2025-08-22,0,0,N/A,10,1083,62
Casa 24,2025-08-23,5,465,571,622,29098,94
Chef Lino,2025-08-23,4,260,335,15,232,5
PYRO,2025-08-23,1,202,110,0,0,0
bo.wlie,2025-08-23,0,89,15,94,13781,71
Mango Blade,2025-08-23,1,129,112,0,0,0
ZACKO,2025-08-23,0,7,0,0,0,0
pax,2025-08-23,0,5,2,502,71066,112
ARANDA,2025-08-23,0,104,7,0,0,0
Casa 24Beats,2025-08-23,0,0,N/A,10,1094,62
Casa 24,2025-08-23,5,465,567,622,29101,94,1691,577
Chef Lino,2025-08-23,4,260,333,15,232,5,1353,12
PYRO,2025-08-23,1,202,N/A,0,0,0,0,0
bo.wlie,2025-08-23,0,89,16,94,13781,71,590,68
Mango Blade,2025-08-23,1,129,N/A,0,0,0,619,9
ZACKO,2025-08-23,0,7,0,0,0,0,505,21
ARANDA,2025-08-23,0,104,7,0,0,0,0,0
Casa 24Beats,2025-08-23,0,0,N/A,10,1097,62,0,0
Casa 24,2025-08-24,5,465,N/A,622,29102,94,1691,577
Chef Lino,2025-08-24,4,260,N/A,15,232,5,1353,12
PYRO,2025-08-24,1,202,109,0,0,0,0,0
bo.wlie,2025-08-24,0,89,16,94,13781,71,590,68
Mango Blade,2025-08-24,1,129,104,0,0,0,619,9
ZACKO,2025-08-24,0,7,0,0,0,0,505,21
ARANDA,2025-08-24,0,104,7,0,0,0,0,0
Casa 24Beats,2025-08-24,0,0,N/A,10,1099,62,0,0
Casa 24,2025-08-24,5,465,567,622,29102,94,1691,577
Chef Lino,2025-08-24,4,260,N/A,15,232,5,1353,12
PYRO,2025-08-24,1,202,109,0,0,0,0,0
bo.wlie,2025-08-24,0,89,16,94,13781,71,590,68
Mango Blade,2025-08-24,1,129,104,0,0,0,619,9
ZACKO,2025-08-24,0,7,N/A,0,0,0,505,21
ARANDA,2025-08-24,0,104,7,0,0,0,0,0
Casa 24Beats,2025-08-24,0,0,N/A,10,1099,62,0,0
Casa 24,2025-08-24,5,465,567,622,29102,94,1691,577
Chef Lino,2025-08-24,4,260,N/A,15,232,5,1353,12
PYRO,2025-08-24,1,202,109,0,0,0,0,0
bo.wlie,2025-08-24,0,89,N/A,94,13781,71,590,68
Mango Blade,2025-08-24,1,129,104,0,0,0,619,9
ZACKO,2025-08-24,0,7,0,0,0,0,505,21
ARANDA,2025-08-24,0,104,7,0,0,0,0,0
Casa 24Beats,2025-08-24,0,0,N/A,10,1099,62,0,0
Casa 24,2025-08-25,5,465,566,622,29105,94,1692,577
Chef Lino,2025-08-25,4,260,330,15,232,5,1354,12
PYRO,2025-08-25,1,202,108,0,0,0,0,0
bo.wlie,2025-08-25,0,89,N/A,94,13782,71,589,68
Mango Blade,2025-08-25,1,129,109,0,0,0,621,9
ZACKO,2025-08-25,0,7,0,0,0,0,506,21
ARANDA,2025-08-25,0,104,7,0,0,0,1163,33
Casa 24Beats,2025-08-25,0,0,N/A,10,1102,62,0,0
Casa 24,2025-08-26,5,465,N/A,622,29107,94,1693,577
Chef Lino,2025-08-26,4,260,N/A,15,232,5,1355,12
PYRO,2025-08-26,1,202,N/A,0,0,0,0,0
bo.wlie,2025-08-26,0,89,N/A,94,13782,71,589,68
Mango Blade,2025-08-26,1,129,N/A,0,0,0,620,9
ZACKO,2025-08-26,0,7,N/A,0,0,0,505,21
ARANDA,2025-08-26,0,104,N/A,0,0,0,1163,33
Casa 24Beats,2025-08-26,0,0,N/A,10,1154,64,0,0
Casa 24,2025-08-27,5,461,N/A,622,29110,94,1693,577
Chef Lino,2025-08-27,4,260,N/A,15,232,5,1354,12
PYRO,2025-08-27,1,202,N/A,0,0,0,0,0
bo.wlie,2025-08-27,0,89,N/A,94,13782,71,591,68
Mango Blade,2025-08-27,1,129,N/A,0,0,0,621,9
ZACKO,2025-08-27,0,7,N/A,0,0,0,506,21
ARANDA,2025-08-27,0,104,N/A,0,0,0,1164,33
Casa 24Beats,2025-08-27,0,0,N/A,10,1216,66,0,0
Casa 24,2025-08-28,5,461,N/A,622,29112,94,1690,577
Chef Lino,2025-08-28,4,260,N/A,15,232,5,1353,12
PYRO,2025-08-28,1,200,N/A,0,0,0,0,0
bo.wlie,2025-08-28,0,89,N/A,94,13782,71,591,69
Mango Blade,2025-08-28,1,129,N/A,0,0,0,622,9
ZACKO,2025-08-28,0,7,N/A,0,0,0,506,21
ARANDA,2025-08-28,0,104,N/A,0,0,0,1164,33
Casa 24Beats,2025-08-28,0,0,N/A,11,1259,68,0,0
Casa 24,2025-08-29,5,459,N/A,623,29112,94,1689,577
Chef Lino,2025-08-29,4,260,N/A,15,232,5,1350,12
PYRO,2025-08-29,1,200,N/A,0,0,0,0,0
bo.wlie,2025-08-29,0,89,N/A,94,13782,71,591,69
Mango Blade,2025-08-29,1,129,N/A,0,0,0,621,9
ZACKO,2025-08-29,0,7,N/A,0,0,0,504,21
ARANDA,2025-08-29,0,104,N/A,0,0,0,1163,33
Casa 24Beats,2025-08-29,0,0,N/A,11,1323,70,0,0
Casa 24,2025-08-30,5,456,N/A,623,29116,94,1689,577
Chef Lino,2025-08-30,4,260,N/A,15,232,5,1351,12
PYRO,2025-08-30,1,200,N/A,0,0,0,0,0
bo.wlie,2025-08-30,0,89,N/A,94,13782,71,594,69
Mango Blade,2025-08-30,1,129,N/A,0,0,0,621,9
ZACKO,2025-08-30,0,7,N/A,0,0,0,505,21
ARANDA,2025-08-30,0,104,N/A,0,0,0,1162,33
Casa 24Beats,2025-08-30,0,0,N/A,11,1418,70,0,0
Casa 24,2025-08-30,5,462,556,623,29117,94,1689,577
Chef Lino,2025-08-30,4,260,326,15,232,5,1351,12
PYRO,2025-08-30,1,206,106,0,0,0,0,0
bo.wlie,2025-08-30,0,89,16,94,13782,71,594,69
Mango Blade,2025-08-30,1,134,119,0,0,0,621,9
ZACKO,2025-08-30,0,7,0,0,0,0,505,21
ARANDA,2025-08-30,0,104,6,0,0,0,1161,33
Casa 24Beats,2025-08-30,0,0,N/A,11,1428,70,0,0
Casa 24,2025-08-30,0,0,N/A,0,0,0,0,0
Chef Lino,2025-08-30,0,0,N/A,0,0,0,0,0
PYRO,2025-08-30,0,0,N/A,0,0,0,0,0
bo.wlie,2025-08-30,0,0,N/A,0,0,0,0,0
Mango Blade,2025-08-30,0,0,N/A,0,0,0,0,0
ZACKO,2025-08-30,0,0,N/A,0,0,0,0,0
ARANDA,2025-08-30,0,0,N/A,0,0,0,0,0
Casa 24Beats,2025-08-30,0,0,N/A,0,0,0,0,0
Casa 24,2025-08-30,0,0,N/A,0,0,0,0,0
Chef Lino,2025-08-30,0,0,N/A,0,0,0,0,0
PYRO,2025-08-30,0,0,N/A,0,0,0,0,0
bo.wlie,2025-08-30,0,0,N/A,0,0,0,0,0
Mango Blade,2025-08-30,0,0,N/A,0,0,0,0,0
ZACKO,2025-08-30,0,0,N/A,0,0,0,0,0
ARANDA,2025-08-30,0,0,N/A,0,0,0,0,0
Casa 24Beats,2025-08-30,0,0,N/A,0,0,0,0,0
Casa 24,2025-08-30,5,462,556,623,29117,94,1689,577
Chef Lino,2025-08-30,4,260,326,15,232,5,1351,12
PYRO,2025-08-30,1,206,106,0,0,0,0,0
bo.wlie,2025-08-30,0,89,16,94,13782,71,594,69
Mango Blade,2025-08-30,1,134,119,0,0,0,621,9
ZACKO,2025-08-30,0,7,0,0,0,0,505,21
ARANDA,2025-08-30,0,104,6,0,0,0,1161,33
Casa 24Beats,2025-08-30,0,0,N/A,11,1428,70,0,0
Discord Server,2025-08-30,0,58,12,0,0,0,0,0
Casa 24,2025-08-31,5,462,556,623,29117,94,1689,577
Chef Lino,2025-08-31,4,260,326,15,232,5,1351,5
PYRO,2025-08-31,1,206,106,0,0,0,0,0
bo.wlie,2025-08-31,0,89,16,94,13782,71,594,69
Mango Blade,2025-08-31,1,134,119,0,0,0,621,9
ZACKO,2025-08-31,0,7,0,0,0,0,504,21
ARANDA,2025-08-31,0,104,6,0,0,0,1161,33
Casa 24Beats,2025-08-31,0,0,N/A,11,1438,70,0,0
Discord Server,2025-08-31,0,58,14,0,0,0,0,0
Casa 24,2025-08-31,4,516,556,623,29122,94,1689,577
Chef Lino,2025-08-31,4,260,326,15,233,5,1352,5
PYRO,2025-08-31,1,257,106,0,0,0,0,0
bo.wlie,2025-08-31,0,89,16,94,13782,71,595,69
Mango Blade,2025-08-31,1,180,119,0,0,0,621,9
ZACKO,2025-08-31,0,7,0,0,0,0,503,21
ARANDA,2025-08-31,0,104,6,0,0,0,1162,33
Casa 24Beats,2025-08-31,0,0,N/A,11,1448,70,0,0
Discord Server,2025-08-31,0,58,11,0,0,0,0,0
Casa 24,2025-08-31,4,516,556,623,29122,94,1689,577
Chef Lino,2025-08-31,4,260,326,15,233,5,1352,5
PYRO,2025-08-31,1,257,106,0,0,0,0,0
bo.wlie,2025-08-31,0,89,16,94,13782,71,595,69
Mango Blade,2025-08-31,1,180,119,0,0,0,621,9
ZACKO,2025-08-31,0,7,0,0,0,0,503,21
ARANDA,2025-08-31,0,104,6,0,0,0,1162,33
Casa 24Beats,2025-08-31,0,0,N/A,11,1448,70,0,0
Discord Server,2025-08-31,0,58,12,0,0,0,0,0
Casa 24,2025-09-01,4,516,1200,623,29122,94,1689,577
Chef Lino,2025-09-01,4,260,323,15,233,5,1352,5
PYRO,2025-09-01,1,257,106,0,0,0,0,0
bo.wlie,2025-09-01,0,89,16,94,13782,71,595,69
Mango Blade,2025-09-01,1,180,121,0,0,0,621,9
ZACKO,2025-09-01,0,7,0,0,0,0,503,21
ARANDA,2025-09-01,0,104,6,0,0,0,1162,33
Casa 24Beats,2025-09-01,0,0,N/A,11,1448,72,0,0
Discord Server,2025-09-01,0,58,12,0,0,0,0,0
Casa 24,2025-09-02,4,516,1200,623,29124,94,1689,577
Chef Lino,2025-09-02,4,260,323,15,233,5,1350,5
PYRO,2025-09-02,1,257,110,0,0,0,0,0
bo.wlie,2025-09-02,0,89,16,94,13783,71,596,69
Mango Blade,2025-09-02,1,180,122,0,0,0,619,9
ZACKO,2025-09-02,0,7,0,0,0,0,502,21
ARANDA,2025-09-02,0,104,5,0,0,0,1164,33
Casa 24Beats,2025-09-02,0,0,N/A,11,1570,74,0,0
Discord Server,2025-09-02,0,59,18,0,0,0,0,0
Casa 24,2025-09-03,4,511,1200,623,29137,94,1689,577
Chef Lino,2025-09-03,4,260,321,15,233,5,1349,5
PYRO,2025-09-03,1,253,112,0,0,0,0,0
bo.wlie,2025-09-03,0,89,17,94,13787,71,595,69
Mango Blade,2025-09-03,1,180,122,0,0,0,620,9
ZACKO,2025-09-03,0,7,0,0,0,0,502,21
ARANDA,2025-09-03,0,104,6,0,0,0,1162,33
Casa 24Beats,2025-09-03,0,0,N/A,11,1700,76,0,0
Discord Server,2025-09-03,0,59,18,0,0,0,0,0
Casa 24,2025-09-03,4,511,1200,623,29137,94,1689,577
Chef Lino,2025-09-03,4,260,321,15,233,5,1349,5
PYRO,2025-09-03,1,253,112,0,0,0,0,0
bo.wlie,2025-09-03,0,89,17,94,13787,71,595,69
Mango Blade,2025-09-03,1,180,122,0,0,0,620,9
ZACKO,2025-09-03,0,7,0,0,0,0,502,21
ARANDA,2025-09-03,0,104,6,0,0,0,1162,33
Casa 24Beats,2025-09-03,0,0,N/A,11,1700,76,0,0
Discord Server,2025-09-03,0,59,18,0,0,0,0,0
Casa 24,2025-09-04,4,507,1200,622,29137,94,1689,577
Chef Lino,2025-09-04,4,260,314,15,233,5,1350,5
PYRO,2025-09-04,1,252,114,0,0,0,0,0
bo.wlie,2025-09-04,0,89,17,94,13788,71,595,69
Mango Blade,2025-09-04,1,180,122,0,0,0,621,9
ZACKO,2025-09-04,0,7,0,0,0,0,503,21
ARANDA,2025-09-04,0,104,6,0,0,0,1162,33
Casa 24Beats,2025-09-04,0,0,N/A,11,1819,78,0,0
Discord Server,2025-09-04,0,59,16,0,0,0,0,0
Casa 24,2025-09-05,4,503,1200,622,29137,94,1688,577
Chef Lino,2025-09-05,3,260,314,15,233,5,1350,5
PYRO,2025-09-05,1,250,113,0,0,0,0,0
bo.wlie,2025-09-05,0,88,18,94,13788,71,595,69
Mango Blade,2025-09-05,1,180,123,0,0,0,621,9
ZACKO,2025-09-05,0,7,0,0,0,0,505,21
ARANDA,2025-09-05,0,103,7,0,0,0,1163,33
Casa 24Beats,2025-09-05,0,0,N/A,11,2038,80,0,0
Discord Server,2025-09-05,0,59,18,0,0,0,0,0
Casa 24,2025-09-06,4,546,1600,622,29137,94,1688,577
Chef Lino,2025-09-06,3,261,316,15,234,5,1350,5
PYRO,2025-09-06,1,249,113,0,0,0,0,0
bo.wlie,2025-09-06,0,139,17,94,13788,71,595,69
Mango Blade,2025-09-06,1,180,124,0,0,0,621,9
ZACKO,2025-09-06,0,7,0,0,0,0,505,21
ARANDA,2025-09-06,0,103,7,0,0,0,1165,33
Casa 24Beats,2025-09-06,0,0,N/A,11,2061,82,0,0
Discord Server,2025-09-06,0,59,18,0,0,0,0,0
Casa 24,2025-09-07,4,546,1600,624,29137,94,1687,577
Chef Lino,2025-09-07,4,261,316,15,234,5,1350,5
PYRO,2025-09-07,1,249,113,0,0,0,0,0
bo.wlie,2025-09-07,0,139,17,94,13789,71,595,69
Mango Blade,2025-09-07,1,180,124,0,0,0,622,9
ZACKO,2025-09-07,0,7,0,0,0,0,505,21
ARANDA,2025-09-07,0,103,7,0,0,0,1166,33
Casa 24Beats,2025-09-07,0,0,N/A,11,2192,82,0,0
Discord Server,2025-09-07,0,59,19,0,0,0,0,0
Casa 24,2025-09-08,4,546,1600,624,29138,94,1688,577
Chef Lino,2025-09-08,4,261,316,15,234,5,1350,5
PYRO,2025-09-08,1,249,113,0,0,0,0,0
bo.wlie,2025-09-08,0,139,17,94,13789,71,596,69
Mango Blade,2025-09-08,1,180,124,0,0,0,622,9
ZACKO,2025-09-08,0,7,0,0,0,0,506,21
ARANDA,2025-09-08,0,103,7,0,0,0,1165,33
Casa 24Beats,2025-09-08,0,0,N/A,11,2203,82,0,0
Discord Server,2025-09-08,0,59,18,0,0,0,0,0
Casa 24,2025-09-09,4,586,1800,624,29140,94,1688,577
Chef Lino,2025-09-09,4,261,313,15,234,5,1350,5
PYRO,2025-09-09,1,249,117,0,0,0,0,0
bo.wlie,2025-09-09,0,175,17,94,13789,71,0,0
Mango Blade,2025-09-09,1,180,129,0,0,0,623,9
ZACKO,2025-09-09,0,7,0,0,0,0,505,21
ARANDA,2025-09-09,0,177,638,0,0,0,1166,33
Casa 24Beats,2025-09-09,0,0,N/A,11,2276,84,0,0
Discord Server,2025-09-09,0,59,14,0,0,0,0,0
Casa 24,2025-09-10,5,586,1800,624,29141,94,1688,577
Chef Lino,2025-09-10,4,261,313,15,234,5,1349,5
PYRO,2025-09-10,1,249,117,0,0,0,0,0
bo.wlie,2025-09-10,0,175,17,94,13813,71,0,0
Mango Blade,2025-09-10,1,180,129,0,0,0,621,9
ZACKO,2025-09-10,0,7,0,0,0,0,505,21
ARANDA,2025-09-10,0,177,638,0,0,0,1165,33
Casa 24Beats,2025-09-10,0,0,N/A,11,2288,86,0,0
Discord Server,2025-09-10,0,59,17,0,0,0,0,0
Casa 24,2025-09-11,4,586,1800,624,29142,94,1689,577
Chef Lino,2025-09-11,4,261,310,15,234,5,1349,5
PYRO,2025-09-11,1,249,115,0,0,0,0,0
bo.wlie,2025-09-11,0,175,16,94,13813,71,0,0
Mango Blade,2025-09-11,1,180,126,0,0,0,621,9
ZACKO,2025-09-11,0,7,0,0,0,0,505,21
ARANDA,2025-09-11,0,177,638,0,0,0,1164,33
Casa 24Beats,2025-09-11,0,0,N/A,11,2954,88,0,0
Discord Server,2025-09-11,0,59,14,0,0,0,0,0
Casa 24,2025-09-12,4,586,1800,624,29146,94,1691,577
Chef Lino,2025-09-12,4,261,300,15,234,5,1348,5
PYRO,2025-09-12,1,248,112,0,0,0,0,0
bo.wlie,2025-09-12,0,175,16,94,13813,71,0,0
Mango Blade,2025-09-12,1,180,129,0,0,0,621,9
ZACKO,2025-09-12,0,7,0,0,0,0,505,21
ARANDA,2025-09-12,0,177,638,0,0,0,1165,33
Casa 24Beats,2025-09-12,0,0,N/A,11,3096,90,0,0
Discord Server,2025-09-12,0,59,18,0,0,0,0,0
Casa 24,2025-09-13,4,585,1800,624,29158,94,1691,577
Chef Lino,2025-09-13,4,262,302,15,234,5,1344,5
PYRO,2025-09-13,1,248,114,0,0,0,0,0
bo.wlie,2025-09-13,0,175,17,94,13814,71,0,0
Mango Blade,2025-09-13,1,180,139,0,0,0,620,9
ZACKO,2025-09-13,0,7,0,0,0,0,504,21
ARANDA,2025-09-13,0,177,641,0,0,0,1167,33
Casa 24Beats,2025-09-13,0,0,N/A,11,3469,92,0,0
Discord Server,2025-09-13,0,59,19,0,0,0,0,0
Casa 24,2025-09-13,4,585,1800,624,29174,94,1691,577
Chef Lino,2025-09-13,4,262,302,15,234,5,1344,5
PYRO,2025-09-13,1,248,114,0,0,0,0,0
bo.wlie,2025-09-13,0,175,17,94,13814,71,0,0
Mango Blade,2025-09-13,1,180,139,0,0,0,620,9
ZACKO,2025-09-13,0,7,0,0,0,0,504,21
ARANDA,2025-09-13,0,177,641,0,0,0,1167,33
Casa 24Beats,2025-09-13,0,0,N/A,11,3471,92,0,0
Discord Server,2025-09-13,0,59,16,0,0,0,0,0
Casa 24,2025-09-14,4,585,1800,624,29174,94,1692,577
Chef Lino,2025-09-14,4,262,302,15,235,5,1344,5
PYRO,2025-09-14,1,248,114,0,0,0,0,0
bo.wlie,2025-09-14,0,175,15,94,13814,71,0,0
Mango Blade,2025-09-14,1,180,140,0,0,0,620,9
ZACKO,2025-09-14,0,7,0,0,0,0,503,21
ARANDA,2025-09-14,0,177,641,0,0,0,1167,33
Casa 24Beats,2025-09-14,0,0,N/A,12,3835,92,0,0
Discord Server,2025-09-14,0,59,15,0,0,0,0,0
Casa 24,2025-09-15,5,585,1800,625,29176,94,1691,577
Chef Lino,2025-09-15,4,263,299,15,235,5,1344,5
PYRO,2025-09-15,1,248,109,0,0,0,0,0
bo.wlie,2025-09-15,0,175,15,94,13817,71,0,0
Mango Blade,2025-09-15,1,180,140,0,0,0,621,9
ZACKO,2025-09-15,0,7,0,0,0,0,503,21
ARANDA,2025-09-15,0,177,642,0,0,0,1167,33
Casa 24Beats,2025-09-15,0,0,N/A,12,3891,92,0,0
Discord Server,2025-09-15,0,59,18,0,0,0,0,0
Casa 24,2025-09-16,4,585,1800,625,29184,94,1690,577
Chef Lino,2025-09-16,4,263,301,15,235,5,1343,5
PYRO,2025-09-16,1,248,105,0,0,0,0,0
bo.wlie,2025-09-16,0,175,15,94,13817,71,0,0
Mango Blade,2025-09-16,1,180,140,0,0,0,620,9
ZACKO,2025-09-16,0,7,0,0,0,0,502,21
ARANDA,2025-09-16,0,177,643,0,0,0,1164,33
Casa 24Beats,2025-09-16,0,0,N/A,12,4011,94,0,0
Discord Server,2025-09-16,0,59,20,0,0,0,0,0
Casa 24,2025-09-17,4,585,1800,624,29193,94,1688,577
Chef Lino,2025-09-17,3,263,307,15,235,5,1341,5
PYRO,2025-09-17,1,248,108,0,0,0,0,0
bo.wlie,2025-09-17,0,175,16,94,13817,71,0,0
Mango Blade,2025-09-17,1,180,138,0,0,0,620,9
ZACKO,2025-09-17,0,7,0,0,0,0,501,21
ARANDA,2025-09-17,0,177,644,0,0,0,1163,33
Casa 24Beats,2025-09-17,0,0,N/A,12,4124,96,0,0
Discord Server,2025-09-17,0,59,19,0,0,0,0,0
Casa 24,2025-09-18,5,585,1800,624,29195,94,1687,577
Chef Lino,2025-09-18,4,263,304,15,235,5,1341,5
PYRO,2025-09-18,1,248,110,0,0,0,0,0
bo.wlie,2025-09-18,0,175,14,94,13817,71,0,0
Mango Blade,2025-09-18,1,180,138,0,0,0,620,9
ZACKO,2025-09-18,0,7,0,0,0,0,501,21
ARANDA,2025-09-18,0,177,644,0,0,0,1163,33
Casa 24Beats,2025-09-18,0,0,N/A,12,4184,98,0,0
Discord Server,2025-09-18,0,59,20,0,0,0,0,0
Casa 24,2025-09-19,5,585,1800,624,29202,94,1689,577
Chef Lino,2025-09-19,4,263,305,15,235,5,1341,5
PYRO,2025-09-19,1,248,109,0,0,0,0,0
bo.wlie,2025-09-19,0,175,12,94,13817,71,0,0
Mango Blade,2025-09-19,1,180,135,0,0,0,621,9
ZACKO,2025-09-19,0,7,0,0,0,0,501,21
ARANDA,2025-09-19,0,177,644,0,0,0,1163,33
Casa 24Beats,2025-09-19,0,0,N/A,12,4204,100,0,0
Discord Server,2025-09-19,0,59,20,0,0,0,0,0
Casa 24,2025-09-20,5,585,1800,624,29203,94,1689,577
Chef Lino,2025-09-20,4,263,305,15,235,5,1342,5
PYRO,2025-09-20,1,249,105,0,0,0,0,0
bo.wlie,2025-09-20,0,175,13,94,13818,71,0,0
Mango Blade,2025-09-20,1,180,131,0,0,0,622,9
ZACKO,2025-09-20,0,7,0,0,0,0,501,21
ARANDA,2025-09-20,0,177,644,0,0,0,1164,33
Casa 24Beats,2025-09-20,0,0,N/A,12,4281,102,0,0
Discord Server,2025-09-20,0,59,13,0,0,0,0,0
Casa 24,2025-09-21,5,585,1800,624,29207,94,1691,577
Chef Lino,2025-09-21,4,263,302,15,235,5,1342,5
PYRO,2025-09-21,1,249,106,0,0,0,0,0
bo.wlie,2025-09-21,0,175,11,94,13819,71,0,0
Mango Blade,2025-09-21,1,180,133,0,0,0,622,9
ZACKO,2025-09-21,0,7,0,0,0,0,503,21
ARANDA,2025-09-21,0,177,644,0,0,0,1164,33
Casa 24Beats,2025-09-21,0,0,N/A,12,4354,102,0,0
Discord Server,2025-09-21,0,59,18,0,0,0,0,0
Casa 24,2025-09-22,5,356,1800,624,29215,94,1690,577
Chef Lino,2025-09-22,4,263,298,15,235,5,1341,5
PYRO,2025-09-22,1,160,105,0,0,0,0,0
bo.wlie,2025-09-22,0,98,12,94,13819,71,0,0
Mango Blade,2025-09-22,1,132,128,0,0,0,622,9
ZACKO,2025-09-22,0,7,0,0,0,0,503,21
ARANDA,2025-09-22,0,104,644,0,0,0,1164,33
Casa 24Beats,2025-09-22,0,0,N/A,12,4395,102,0,0
Discord Server,2025-09-22,0,59,19,0,0,0,0,0
Casa 24,2025-09-23,5,356,1800,624,29215,94,1689,577
Chef Lino,2025-09-23,4,263,295,15,236,5,1339,5
PYRO,2025-09-23,1,160,102,0,0,0,0,0
bo.wlie,2025-09-23,0,98,11,94,13819,71,0,0
Mango Blade,2025-09-23,1,132,127,0,0,0,622,9
ZACKO,2025-09-23,0,7,0,0,0,0,502,21
ARANDA,2025-09-23,0,104,644,0,0,0,1164,33
Casa 24Beats,2025-09-23,0,0,N/A,12,4402,104,0,0
Discord Server,2025-09-23,0,60,22,0,0,0,0,0
Casa 24,2025-09-24,5,356,1800,624,29222,94,1689,577
Chef Lino,2025-09-24,4,263,299,15,236,5,1339,5
PYRO,2025-09-24,1,160,104,0,0,0,0,0
bo.wlie,2025-09-24,0,98,12,94,13821,71,0,0
Mango Blade,2025-09-24,1,132,129,0,0,0,622,9
ZACKO,2025-09-24,0,7,0,0,0,0,502,21
ARANDA,2025-09-24,0,104,645,0,0,0,1164,33
Casa 24Beats,2025-09-24,0,0,N/A,12,4462,106,0,0
Discord Server,2025-09-24,0,62,19,0,0,0,0,0
Casa 24,2025-09-25,5,356,1800,624,29223,94,1689,577
Chef Lino,2025-09-25,4,263,300,15,236,5,1340,5
PYRO,2025-09-25,1,160,103,0,0,0,0,0
bo.wlie,2025-09-25,0,98,12,94,13822,71,0,0
Mango Blade,2025-09-25,1,132,130,0,0,0,623,9
ZACKO,2025-09-25,0,7,0,0,0,0,501,21
ARANDA,2025-09-25,0,104,645,0,0,0,1162,33
Casa 24Beats,2025-09-25,0,0,N/A,12,4487,108,0,0
Discord Server,2025-09-25,0,62,21,0,0,0,0,0
Casa 24,2025-09-26,5,356,1800,624,29244,94,1692,577
Chef Lino,2025-09-26,3,263,296,15,236,5,1340,5
PYRO,2025-09-26,1,160,101,0,0,0,0,0
bo.wlie,2025-09-26,0,98,12,94,13823,71,0,0
Mango Blade,2025-09-26,1,132,128,0,0,0,623,9
ZACKO,2025-09-26,0,7,0,0,0,0,502,21
ARANDA,2025-09-26,0,104,645,0,0,0,1164,33
Casa 24Beats,2025-09-26,0,0,N/A,12,4492,110,0,0
Discord Server,2025-09-26,0,62,18,0,0,0,0,0
Casa 24,2025-09-27,5,356,1800,624,29253,94,1693,577
Chef Lino,2025-09-27,3,263,306,15,236,5,1340,5
PYRO,2025-09-27,1,160,102,0,0,0,0,0
bo.wlie,2025-09-27,0,98,12,94,13824,71,0,0
Mango Blade,2025-09-27,1,132,129,0,0,0,623,9
ZACKO,2025-09-27,0,7,0,0,0,0,502,21
ARANDA,2025-09-27,0,104,647,0,0,0,1168,33
Casa 24Beats,2025-09-27,0,0,N/A,12,4529,112,0,0
Discord Server,2025-09-27,0,62,18,0,0,0,0,0
Casa 24,2025-09-27,5,357,1800,624,29254,94,1695,577
Chef Lino,2025-09-27,4,263,299,15,236,5,1340,5
PYRO,2025-09-27,1,160,103,0,0,0,945,9
bo.wlie,2025-09-27,0,98,13,94,13825,71,0,0
Mango Blade,2025-09-27,1,132,130,0,0,0,623,9
ZACKO,2025-09-27,0,7,0,0,0,0,502,21
ARANDA,2025-09-27,0,105,648,0,0,0,1168,34
Casa 24Beats,2025-09-27,0,0,N/A,12,4637,112,0,0
Discord Server,2025-09-27,0,62,18,0,0,0,0,0
Casa 24,2025-09-28,5,357,1800,624,29262,94,1695,577
Chef Lino,2025-09-28,4,263,299,15,236,5,1340,5
PYRO,2025-09-28,1,160,103,0,0,0,945,9
bo.wlie,2025-09-28,0,98,13,94,13827,71,0,0
Mango Blade,2025-09-28,1,132,130,0,0,0,623,9
ZACKO,2025-09-28,0,7,0,0,0,0,502,21
ARANDA,2025-09-28,0,105,648,0,0,0,1169,34
Casa 24Beats,2025-09-28,0,0,N/A,12,4663,112,0,0
Discord Server,2025-09-28,0,61,16,0,0,0,0,0
Casa 24,2025-09-29,5,357,1400,624,29263,94,1698,577
Chef Lino,2025-09-29,3,263,292,15,236,5,1337,5
PYRO,2025-09-29,1,160,103,0,0,0,945,9
bo.wlie,2025-09-29,0,98,14,94,13827,71,0,0
Mango Blade,2025-09-29,1,132,126,0,0,0,624,9
ZACKO,2025-09-29,0,7,0,0,0,0,503,21
ARANDA,2025-09-29,0,105,647,0,0,0,1167,34
Casa 24Beats,2025-09-29,0,0,N/A,12,4720,112,0,0
Discord Server,2025-09-29,0,61,17,0,0,0,0,0
Casa 24,2025-09-30,4,357,1400,624,29264,94,1702,578
Chef Lino,2025-09-30,3,263,298,15,236,5,1335,5
PYRO,2025-09-30,1,160,99,0,0,0,945,9
bo.wlie,2025-09-30,0,98,14,94,13827,71,0,0
Mango Blade,2025-09-30,1,132,125,0,0,0,624,9
ZACKO,2025-09-30,0,7,0,0,0,0,503,21
ARANDA,2025-09-30,0,105,647,0,0,0,1165,34
Casa 24Beats,2025-09-30,0,0,N/A,13,4740,114,0,0
Discord Server,2025-09-30,0,61,18,0,0,0,0,0
Casa 24,2025-10-01,4,357,1400,624,29266,94,1701,578
Chef Lino,2025-10-01,3,263,298,15,238,5,1333,5
PYRO,2025-10-01,1,160,103,0,0,0,944,9
bo.wlie,2025-10-01,0,98,14,94,13827,71,0,0
Mango Blade,2025-10-01,1,133,126,0,0,0,624,9
ZACKO,2025-10-01,0,7,0,0,0,0,503,21
ARANDA,2025-10-01,0,105,647,0,0,0,1169,34
Casa 24Beats,2025-10-01,0,0,N/A,13,4900,116,0,0
Discord Server,2025-10-01,0,61,18,0,0,0,0,0
Casa 24,2025-10-02,4,357,1400,623,29268,94,1700,578
Chef Lino,2025-10-02,3,263,306,15,238,5,1332,5
PYRO,2025-10-02,1,160,104,0,0,0,944,9
bo.wlie,2025-10-02,0,98,15,94,13827,71,0,0
Mango Blade,2025-10-02,1,133,129,0,0,0,624,9
ZACKO,2025-10-02,0,7,0,0,0,0,503,21
ARANDA,2025-10-02,0,105,648,0,0,0,1167,34
Casa 24Beats,2025-10-02,0,0,N/A,14,4918,118,0,0
Discord Server,2025-10-02,0,61,22,0,0,0,0,0
Casa 24,2025-10-03,4,357,1400,623,29270,94,1701,578
Chef Lino,2025-10-03,3,263,303,15,238,5,1334,5
PYRO,2025-10-03,1,160,106,0,0,0,946,9
bo.wlie,2025-10-03,0,98,14,94,13827,71,0,0
Mango Blade,2025-10-03,1,133,130,0,0,0,624,9
ZACKO,2025-10-03,0,7,0,0,0,0,503,21
ARANDA,2025-10-03,0,105,647,0,0,0,1169,34
Casa 24Beats,2025-10-03,0,0,N/A,14,5036,118,0,0
Discord Server,2025-10-03,0,61,20,0,0,0,0,0
Casa 24,2025-10-04,4,357,901,623,29274,94,1702,578
Chef Lino,2025-10-04,3,263,299,15,238,5,1332,5
PYRO,2025-10-04,1,160,107,0,0,0,946,9
bo.wlie,2025-10-04,0,98,15,94,13828,71,0,0
Mango Blade,2025-10-04,1,133,131,0,0,0,624,9
ZACKO,2025-10-04,0,7,0,0,0,0,507,21
ARANDA,2025-10-04,0,105,647,0,0,0,1171,34
Casa 24Beats,2025-10-04,0,0,N/A,14,5186,122,0,0
Discord Server,2025-10-04,0,61,20,0,0,0,0,0
Casa 24,2025-10-05,4,357,523,623,29275,94,1702,578
Chef Lino,2025-10-05,3,263,292,15,238,5,1332,5
PYRO,2025-10-05,1,160,108,0,0,0,946,9
bo.wlie,2025-10-05,0,98,15,94,13828,71,0,0
Mango Blade,2025-10-05,1,133,126,0,0,0,625,9
ZACKO,2025-10-05,0,7,0,0,0,0,507,21
ARANDA,2025-10-05,0,105,370,0,0,0,1172,34
Casa 24Beats,2025-10-05,0,0,N/A,14,5304,122,0,0
Discord Server,2025-10-05,0,62,18,0,0,0,0,0
Casa 24,2025-10-06,4,357,522,623,29279,94,1703,578
Chef Lino,2025-10-06,3,263,291,15,238,5,1332,5
PYRO,2025-10-06,1,160,109,0,0,0,947,9
bo.wlie,2025-10-06,0,98,13,94,13829,71,0,0
Mango Blade,2025-10-06,1,133,124,0,0,0,625,9
ZACKO,2025-10-06,0,7,0,0,0,0,507,21
ARANDA,2025-10-06,0,105,14,0,0,0,1171,34
Casa 24Beats,2025-10-06,0,0,N/A,14,5360,120,0,0
Discord Server,2025-10-06,0,63,19,0,0,0,0,0
Casa 24,2025-10-07,3,357,519,623,29279,94,1702,578
Chef Lino,2025-10-07,2,263,290,15,238,5,1331,5
PYRO,2025-10-07,1,160,104,0,0,0,947,9
bo.wlie,2025-10-07,0,98,13,94,13829,71,0,0
Mango Blade,2025-10-07,0,133,125,0,0,0,625,9
ZACKO,2025-10-07,0,7,0,0,0,0,506,21
ARANDA,2025-10-07,0,105,14,0,0,0,1171,34
Casa 24Beats,2025-10-07,0,0,N/A,14,5409,124,0,0
Discord Server,2025-10-07,0,63,20,0,0,0,0,0
Casa 24,2025-10-08,3,357,519,623,29279,94,1702,578
Chef Lino,2025-10-08,2,264,294,15,238,5,1330,5
PYRO,2025-10-08,1,160,107,0,0,0,948,9
bo.wlie,2025-10-08,0,98,14,94,13830,71,0,0
Mango Blade,2025-10-08,0,133,119,0,0,0,625,9
ZACKO,2025-10-08,0,7,0,0,0,0,505,21
ARANDA,2025-10-08,0,105,14,0,0,0,1170,34
Casa 24Beats,2025-10-08,0,0,N/A,15,5464,126,0,0
Discord Server,2025-10-08,0,63,18,0,0,0,0,0
Casa 24,2025-10-09,3,357,522,623,29279,94,1703,578
Chef Lino,2025-10-09,2,264,292,15,238,5,1332,5
PYRO,2025-10-09,0,160,110,0,0,0,949,9
bo.wlie,2025-10-09,0,98,14,94,13830,71,0,0
Mango Blade,2025-10-09,0,133,122,0,0,0,626,9
ZACKO,2025-10-09,0,7,0,0,0,0,505,21
ARANDA,2025-10-09,0,105,14,0,0,0,1170,34
Casa 24Beats,2025-10-09,0,0,N/A,16,5566,128,0,0
Discord Server,2025-10-09,0,63,21,0,0,0,0,0
Casa 24,2025-10-10,3,357,527,623,29284,94,1703,578
Chef Lino,2025-10-10,2,264,296,15,238,5,1333,5
PYRO,2025-10-10,0,160,113,0,0,0,951,9
bo.wlie,2025-10-10,0,98,15,94,13830,71,0,0
Mango Blade,2025-10-10,0,133,122,0,0,0,626,9
ZACKO,2025-10-10,0,7,0,0,0,0,504,21
ARANDA,2025-10-10,0,105,15,0,0,0,1171,34
Casa 24Beats,2025-10-10,0,0,N/A,17,5757,130,0,0
Discord Server,2025-10-10,0,63,21,0,0,0,0,0
Casa 24,2025-10-11,3,357,520,623,29288,94,1702,578
Chef Lino,2025-10-11,2,264,292,15,238,5,1332,5
PYRO,2025-10-11,0,160,112,0,0,0,952,9
bo.wlie,2025-10-11,0,98,14,94,13830,71,0,0
Mango Blade,2025-10-11,0,133,118,0,0,0,626,9
ZACKO,2025-10-11,0,7,0,0,0,0,504,21
ARANDA,2025-10-11,0,105,12,0,0,0,1171,34
Casa 24Beats,2025-10-11,0,0,N/A,18,5803,132,0,0
Discord Server,2025-10-11,0,63,20,0,0,0,0,0
Casa 24,2025-10-12,3,343,523,622,29289,94,1702,578
Chef Lino,2025-10-12,2,263,296,15,238,5,1333,5
PYRO,2025-10-12,0,155,110,0,0,0,952,9
bo.wlie,2025-10-12,0,88,16,94,13830,71,0,0
Mango Blade,2025-10-12,0,130,120,0,0,0,627,9
ZACKO,2025-10-12,0,7,0,0,0,0,504,21
ARANDA,2025-10-12,0,104,12,0,0,0,1173,34
Casa 24Beats,2025-10-12,0,0,N/A,18,6010,132,0,0
Discord Server,2025-10-12,0,63,20,0,0,0,0,0
Casa 24,2025-10-13,3,367,633,622,29294,94,1702,578
Chef Lino,2025-10-13,2,262,298,15,238,5,1332,5
PYRO,2025-10-13,0,155,112,0,0,0,951,9
bo.wlie,2025-10-13,0,88,15,94,13831,71,0,0
Mango Blade,2025-10-13,0,153,124,0,0,0,627,9
ZACKO,2025-10-13,0,7,0,0,0,0,504,21
ARANDA,2025-10-13,0,104,11,0,0,0,1174,34
Casa 24Beats,2025-10-13,0,0,N/A,18,6024,132,0,0
Discord Server,2025-10-13,0,63,18,0,0,0,0,0
Casa 24,2025-10-14,3,453,912,622,29296,94,1699,578
Chef Lino,2025-10-14,2,262,294,15,239,6,1331,5
PYRO,2025-10-14,0,155,115,0,0,0,950,9
bo.wlie,2025-10-14,0,88,16,94,13831,71,0,0
Mango Blade,2025-10-14,0,236,235,0,0,0,628,9
ZACKO,2025-10-14,0,7,0,0,0,0,504,21
ARANDA,2025-10-14,0,104,11,0,0,0,1174,34
Casa 24Beats,2025-10-14,0,0,N/A,18,6135,134,0,0
Discord Server,2025-10-14,0,64,20,0,0,0,0,0
Casa 24,2025-10-15,2,523,978,622,29300,94,1700,578
Chef Lino,2025-10-15,2,262,290,17,287,6,1331,5
PYRO,2025-10-15,0,155,116,0,0,0,949,9
bo.wlie,2025-10-15,0,88,15,94,13833,71,0,0
Mango Blade,2025-10-15,0,284,513,0,0,0,628,9
ZACKO,2025-10-15,0,7,0,0,0,0,504,21
ARANDA,2025-10-15,0,104,10,0,0,0,1175,34
Casa 24Beats,2025-10-15,0,0,N/A,18,6682,136,0,0
Discord Server,2025-10-15,0,64,18,0,0,0,0,0
Casa 24,2025-10-16,2,523,974,622,29303,94,1700,578
Chef Lino,2025-10-16,2,262,290,17,327,6,1332,5
PYRO,2025-10-16,0,155,117,0,0,0,949,9
bo.wlie,2025-10-16,0,88,15,94,13833,71,0,0
Mango Blade,2025-10-16,0,284,512,0,0,0,629,9
ZACKO,2025-10-16,0,7,0,0,0,0,504,21
ARANDA,2025-10-16,0,104,11,0,0,0,1174,34
Casa 24Beats,2025-10-16,0,0,N/A,18,6702,138,0,0
Discord Server,2025-10-16,0,64,16,0,0,0,0,0
Casa 24,2025-10-17,3,523,976,623,29304,94,1699,578
Chef Lino,2025-10-17,2,262,293,18,352,6,1332,5
PYRO,2025-10-17,0,155,117,0,0,0,948,9
bo.wlie,2025-10-17,0,88,16,94,13833,71,0,0
Mango Blade,2025-10-17,0,284,511,0,0,0,629,9
ZACKO,2025-10-17,0,7,0,0,0,0,505,21
ARANDA,2025-10-17,0,104,11,0,0,0,1174,34
Casa 24Beats,2025-10-17,0,0,N/A,18,6748,140,0,0
Discord Server,2025-10-17,0,64,16,0,0,0,0,0
Casa 24,2025-10-19,0,0,N/A,0,0,0,0,0
Chef Lino,2025-10-19,0,0,N/A,0,0,0,0,0
PYRO,2025-10-19,0,0,N/A,0,0,0,0,0
bo.wlie,2025-10-19,0,0,N/A,0,0,0,0,0
Mango Blade,2025-10-19,0,0,N/A,0,0,0,0,0
ZACKO,2025-10-19,0,0,N/A,0,0,0,0,0
ARANDA,2025-10-19,0,0,N/A,0,0,0,0,0
Casa 24Beats,2025-10-19,0,0,N/A,0,0,0,0,0
Casa 24,2025-10-20,0,0,N/A,0,0,0,0,0
Chef Lino,2025-10-20,0,0,N/A,0,0,0,0,0
PYRO,2025-10-20,0,0,N/A,0,0,0,0,0
bo.wlie,2025-10-20,0,0,N/A,0,0,0,0,0
Mango Blade,2025-10-20,0,0,N/A,0,0,0,0,0
ZACKO,2025-10-20,0,0,N/A,0,0,0,0,0
ARANDA,2025-10-20,0,0,N/A,0,0,0,0,0
Casa 24Beats,2025-10-20,0,0,N/A,0,0,0,0,0
Casa 24,2025-10-21,0,0,N/A,0,0,0,0,0
Chef Lino,2025-10-21,0,0,N/A,0,0,0,0,0
PYRO,2025-10-21,0,0,N/A,0,0,0,0,0
bo.wlie,2025-10-21,0,0,N/A,0,0,0,0,0
Mango Blade,2025-10-21,0,0,N/A,0,0,0,0,0
ZACKO,2025-10-21,0,0,N/A,0,0,0,0,0
ARANDA,2025-10-21,0,0,N/A,0,0,0,0,0
Casa 24Beats,2025-10-21,0,0,N/A,0,0,0,0,0
Casa 24,2025-10-22,2,523,978,622,29320,94,1697,578
Chef Lino,2025-10-22,2,262,307,18,362,6,1331,5
PYRO,2025-10-22,0,155,113,0,0,0,947,9
bo.wlie,2025-10-22,0,88,15,94,13836,71,0,0
Mango Blade,2025-10-22,0,284,503,0,0,0,628,9
ZACKO,2025-10-22,0,7,0,0,0,0,502,21
ARANDA,2025-10-22,0,103,15,0,0,0,1175,34
Casa 24Beats,2025-10-22,0,0,N/A,18,7218,146,0,0
Discord Server,2025-10-22,0,64,18,0,0,0,0,0
Casa 24,2025-10-22,0,0,N/A,0,0,0,0,0
Chef Lino,2025-10-22,0,0,N/A,0,0,0,0,0
PYRO,2025-10-22,0,0,N/A,0,0,0,0,0
bo.wlie,2025-10-22,0,0,N/A,0,0,0,0,0
Mango Blade,2025-10-22,0,0,N/A,0,0,0,0,0
ZACKO,2025-10-22,0,0,N/A,0,0,0,0,0
ARANDA,2025-10-22,0,0,N/A,0,0,0,0,0
Casa 24Beats,2025-10-22,0,0,N/A,0,0,0,0,0
Casa 24,2025-10-22,2,523,978,622,29320,94,1697,578
Chef Lino,2025-10-22,2,262,307,18,363,6,1331,5
PYRO,2025-10-22,0,155,113,0,0,0,947,9
bo.wlie,2025-10-22,0,88,15,94,13836,71,0,0
Mango Blade,2025-10-22,0,284,503,0,0,0,628,9
ZACKO,2025-10-22,0,8,0,0,0,0,502,21
ARANDA,2025-10-22,0,103,15,0,0,0,1175,34
Casa 24Beats,2025-10-22,0,0,N/A,18,7436,146,0,0
Discord Server,2025-10-22,0,64,13,0,0,0,0,0
